-- Création de la base de données
CREATE DATABASE tour-de-maroc;

-- Se connecter à la base de données
\c tour-de-maroc;

CREATE TYPE role_user AS ENUM ('admin', 'cyclist', 'fan');

CREATE TABLE roles (
    id SERIAL PRIMARY KEY,
    name_user role_user NOT NULL UNIQUE
);

CREATE TABLE teams (
    id SERIAL PRIMARY KEY,
    name VARCHAR(250) UNIQUE NOT NULL,
    country VARCHAR(250) NOT NULL
);

CREATE TABLE users (
    id SERIAL PRIMARY KEY,
    first_name VARCHAR(250) NOT NULL,
    last_name VARCHAR(250) NOT NULL,
    email VARCHAR(250) UNIQUE NOT NULL,
    password TEXT NOT NULL,
    photo TEXT,
    created_at TIMESTAMP DEFAULT CURRENT_TIMESTAMP,
    role_id INT REFERENCES roles(id) ON DELETE SET NULL,
    password_token_hash VARCHAR(64),
    password_token_expires_at TIMESTAMP
);

CREATE TABLE fans (
) INHERITS (users);

ALTER TABLE fans ADD CONSTRAINT unique_fan_id UNIQUE (id);

-- Table des administrateurs (hérite de `users`)
CREATE TABLE admins (
) INHERITS (users);

ALTER TABLE admins ADD CONSTRAINT unique_admin_id UNIQUE (id);

-- Table des cyclistes (hérite de `users`)
CREATE TABLE cyclists (
    team VARCHAR(24),
    nationality VARCHAR(250),
    birthdate DATE,
    approved BOOLEAN DEFAULT FALSE
) INHERITS (users);

ALTER TABLE cyclists ADD CONSTRAINT unique_cyclist_id UNIQUE (id);

-- ===============================
-- 5️⃣ Tables des catégories et des régions
-- ===============================
CREATE TABLE categories (
    id SERIAL PRIMARY KEY,
    name VARCHAR(250) UNIQUE NOT NULL
);

CREATE TABLE regions (
    id SERIAL PRIMARY KEY,
    name VARCHAR(250) UNIQUE NOT NULL
);


CREATE TYPE difficulty AS ENUM('facile', 'medium', 'difficile');

CREATE TABLE stages (
    id SERIAL PRIMARY KEY,
    name VARCHAR(255) NOT NULL,
    start_location VARCHAR(255) NOT NULL,
    end_location VARCHAR(255) NOT NULL,
    distance_km DECIMAL(6,2) NOT NULL,
    start_date DATE NOT NULL,
    end_date DATE NOT NULL,
    category_id INT REFERENCES categories(id) ON DELETE SET NULL, 
    region_id INT REFERENCES regions(id) ON DELETE CASCADE,
    difficulty_level difficulty NOT NULL,
    photo TEXT,
    description TEXT NOT NULL
);

CREATE TABLE ranking (
    id SERIAL PRIMARY KEY,
    cyclist_id INT NOT NULL REFERENCES cyclists(id) ON DELETE CASCADE,
    stage_id INT NOT NULL REFERENCES stages(id) ON DELETE CASCADE,
    total_time INTERVAL NOT NULL,
    points_awarded INT DEFAULT 0,
    UNIQUE (cyclist_id, stage_id)
);

CREATE TABLE fan_favorites (
    id_fan INT NOT NULL REFERENCES fans(id) ON DELETE CASCADE,
    id_cyclist INT NOT NULL REFERENCES cyclists(id) ON DELETE CASCADE,
    PRIMARY KEY (id_fan, id_cyclist)
);


CREATE TABLE comments (
    id SERIAL PRIMARY KEY,
    id_fan INT NOT NULL REFERENCES fans(id) ON DELETE CASCADE,
    stage_id INT REFERENCES stages(id) ON DELETE CASCADE,
    content TEXT NOT NULL,
    created_at TIMESTAMP DEFAULT CURRENT_TIMESTAMP,
    validated BOOLEAN DEFAULT FALSE
);


CREATE TABLE stage_likes (
    id SERIAL PRIMARY KEY,
    id_fan INT NOT NULL REFERENCES fans(id) ON DELETE CASCADE,
    stage_id INT NOT NULL REFERENCES stages(id) ON DELETE CASCADE,
    UNIQUE (id_fan, stage_id)
);

CREATE TABLE reports (
    id SERIAL PRIMARY KEY,
    id_fan INT REFERENCES fans(id) ON DELETE SET NULL,
    stage_id INT REFERENCES stages(id) ON DELETE CASCADE,
    description TEXT NOT NULL,
    reported_at TIMESTAMP DEFAULT CURRENT_TIMESTAMP,
    is_archived BOOLEAN DEFAULT FALSE
);

CREATE TABLE historys(
    id SERIAL PRIMARY KEY,
    version VARCHAR(250) NOT NULL,
    id_cyclist INT NOT NULL REFERENCES cyclists(id) ON DELETE CASCADE,
    photo TEXT
);


INSERT INTO roles(name_user) VALUES ('admin'), ('cyclist'), ('fan');

-- Insert 20 teams
INSERT INTO teams (name, country) VALUES
('Atlas Cycling', 'Morocco'),
('Alpine Racers', 'France'),
('Iberian Speed', 'Spain'),
('Desert Riders', 'Morocco'),
('Pyrenees Team', 'Spain'),
('Flemish Lions', 'Belgium'),
('Mediterranean Cyclists', 'Italy'),
('Nordic Warriors', 'Norway'),
('Saharan Stars', 'Morocco'),
('Andalusian Flyers', 'Spain'),
('Parisian Sprinters', 'France'),
('Dutch Masters', 'Netherlands'),
('Alps Climbers', 'Switzerland'),
('Balkan Riders', 'Serbia'),
('Celtic Racers', 'Ireland'),
('Scandinavian Vikings', 'Sweden'),
('Moroccan Sprint', 'Morocco'),
('Italian Stallions', 'Italy'),
('German Power', 'Germany'),
('British Bulldogs', 'UK');

-- Insert cyclists (inherits from users)
INSERT INTO cyclists (first_name, last_name, email, password, team, nationality, birthdate, approved, role_id)
VALUES
('Mehdi', 'Benali', 'mehdi.benali@example.com', 'hash1', 'Atlas Cycling', 'Morocco', '1995-03-12', TRUE, 2),
('Léa', 'Dubois', 'lea.dubois@example.com', 'hash2', 'Alpine Racers', 'France', '1998-07-24',  TRUE, 2),
('Carlos', 'Garcia', 'carlos.garcia@example.com', 'hash3', 'Iberian Speed', 'Spain', '1993-11-05', TRUE, 2),
('Youssef', 'Khalid', 'youssef.khalid@example.com', 'hash4', 'Desert Riders', 'Morocco', '1996-02-18', TRUE, 2),
('Sophie', 'Martin', 'sophie.martin@example.com', 'hash5', 'Parisian Sprinters', 'France', '1994-09-30', TRUE, 2),
('Luca', 'Rossi', 'luca.rossi@example.com', 'hash6', 'Mediterranean Cyclists', 'Italy', '1997-04-22', TRUE, 2),
('Hassan', 'Amrani', 'hassan.amrani@example.com', 'hash7', 'Saharan Stars', 'Morocco', '1992-12-15', TRUE, 2),
('Emma', 'Johansson', 'emma.johansson@example.com', 'hash8', 'Scandinavian Vikings', 'Sweden', '1999-01-08', TRUE, 2),
('Miguel', 'Fernandez', 'miguel.fernandez@example.com', 'hash9', 'Pyrenees Team', 'Spain', '1991-06-19', TRUE, 2),
('Amina', 'El Fassi', 'amina.elfassi@example.com', 'hash10', 'Moroccan Sprint', 'Morocco', '1998-08-11', TRUE, 2),
('Pierre', 'Lefevre', 'pierre.lefevre@example.com', 'hash11', 'Alpine Racers', 'France', '1994-03-25', TRUE, 2),
('Sofia', 'Ricci', 'sofia.ricci@example.com', 'hash12', 'Italian Stallions', 'Italy', '1996-10-17', TRUE, 2),
('Omar', 'Zahrani', 'omar.zahrani@example.com', 'hash13', 'Atlas Cycling', 'Morocco', '1993-05-29', TRUE, 2),
('Clara', 'Schmidt', 'clara.schmidt@example.com', 'hash14', 'German Power', 'Germany', '1997-07-14', TRUE, 2),
('Eduardo', 'Silva', 'eduardo.silva@example.com', 'hash15', 'Iberian Speed', 'Spain', '1990-09-03', TRUE, 2),
('Fatima', 'Mansouri', 'fatima.mansouri@example.com', 'hash16', 'Desert Riders', 'Morocco', '1999-12-27', TRUE, 2),
('Lucas', 'Müller', 'lucas.muller@example.com', 'hash17', 'Alps Climbers', 'Switzerland', '1995-02-09', TRUE, 2),
('Giulia', 'Conti', 'giulia.conti@example.com', 'hash18', 'Mediterranean Cyclists', 'Italy', '1998-04-01', TRUE, 2),
('Idris', 'Toumi', 'idris.toumi@example.com', 'hash19', 'Saharan Stars', 'Morocco', '1994-08-23', TRUE, 2),
('Lena', 'Andersson', 'lena.andersson@example.com', 'hash20', 'Scandinavian Vikings', 'Sweden', '1996-11-15', TRUE, 2),
('Ahmed', 'Rami', 'ahmed.rami@example.com', 'hash21', 'Moroccan Sprint', 'Morocco', '1992-01-28', TRUE, 2),
('Camille', 'Roux', 'camille.roux@example.com', 'hash22', 'Parisian Sprinters', 'France', '1997-06-07', TRUE, 2),
('Marco', 'De Luca', 'marco.deluca@example.com', 'hash23', 'Italian Stallions', 'Italy', '1993-09-19', TRUE, 2),
('Nadia', 'Bennani', 'nadia.bennani@example.com', 'hash24', 'Atlas Cycling', 'Morocco', '1995-04-12', TRUE, 2),
('Felix', 'Hoffmann', 'felix.hoffmann@example.com', 'hash25', 'German Power', 'Germany', '1998-03-05', TRUE, 2),
('Elena', 'Gomez', 'elena.gomez@example.com', 'hash26', 'Pyrenees Team', 'Spain', '1994-07-27', TRUE, 2),
('Karim', 'El Ouardi', 'karim.elouardi@example.com', 'hash27', 'Desert Riders', 'Morocco', '1991-12-08', TRUE, 2),
('Olivia', 'Dubois', 'olivia.dubois@example.com', 'hash28', 'Alpine Racers', 'France', '1999-02-14', TRUE, 2),
('Ricardo', 'Mendes', 'ricardo.mendes@example.com', 'hash29', 'Iberian Speed', 'Spain', '1996-05-26', TRUE, 2),
('Yasmin', 'Khalil', 'yasmin.khalil@example.com', 'hash30', 'Saharan Stars', 'Morocco', '1993-10-09', TRUE, 2),
('Antonio', 'Esposito', 'antonio.esposito@example.com', 'hash31', 'Mediterranean Cyclists', 'Italy', '1997-01-21', TRUE, 2),
('Lina', 'Peterson', 'lina.peterson@example.com', 'hash32', 'Scandinavian Vikings', 'Sweden', '1994-08-03', TRUE, 2),
('Hicham', 'Berrada', 'hicham.berrada@example.com', 'hash33', 'Moroccan Sprint', 'Morocco', '1990-11-15', TRUE, 2),
('Claire', 'Moreau', 'claire.moreau@example.com', 'hash34', 'Parisian Sprinters', 'France', '1995-06-28', TRUE, 2),
('Rafael', 'Hernandez', 'rafael.hernandez@example.com', 'hash35', 'Pyrenees Team', 'Spain', '1998-09-10', TRUE, 2),
('Zahra', 'Amrani', 'zahra.amrani@example.com', 'hash36', 'Atlas Cycling', 'Morocco', '1992-04-22', TRUE, 2),
('Niklas', 'Jensen', 'niklas.jensen@example.com', 'hash37', 'Scandinavian Vikings', 'Sweden', '1996-07-05', TRUE, 2),
('Giovanni', 'Russo', 'giovanni.russo@example.com', 'hash38', 'Italian Stallions', 'Italy', '1993-12-17', TRUE, 2),
('Leila', 'Chraibi', 'leila.chraibi@example.com', 'hash39', 'Desert Riders', 'Morocco', '1997-03-29', TRUE, 2),
('Louis', 'Girard', 'louis.girard@example.com', 'hash40', 'Alpine Racers', 'France', '1994-10-11', TRUE, 2),
('Sara', 'Kovacs', 'sara.kovacs@example.com', 'hash41', 'Balkan Riders', 'Serbia', '1991-05-24', TRUE, 2),
('Bilal', 'El Fares', 'bilal.elfares@example.com', 'hash42', 'Moroccan Sprint', 'Morocco', '1998-02-06', TRUE, 2),
('Eva', 'Novak', 'eva.novak@example.com', 'hash43', 'Celtic Racers', 'Ireland', '1995-09-18', TRUE, 2),
('Hugo', 'Silva', 'hugo.silva@example.com', 'hash44', 'Iberian Speed', 'Spain', '1993-08-01', TRUE, 2),
('Nora', 'Lindgren', 'nora.lindgren@example.com', 'hash45', 'Nordic Warriors', 'Norway', '1996-01-13', TRUE, 2),
('Amir', 'Tazi', 'amir.tazi@example.com', 'hash46', 'Atlas Cycling', 'Morocco', '1999-04-25', TRUE, 2),
('Lucia', 'Romano', 'lucia.romano@example.com', 'hash47', 'Mediterranean Cyclists', 'Italy', '1994-07-07', TRUE, 2);

-- Insert 5 admins
INSERT INTO admins (first_name, last_name, email, password, role_id) VALUES
('Admin', 'One', 'admin1@example.com', 'adminhash1', 1),
('Admin', 'Two', 'admin2@example.com', 'adminhash2', 1),
('Admin', 'Three', 'admin3@example.com', 'adminhash3', 1),
('Admin', 'Four', 'admin4@example.com', 'adminhash4', 1),
('Admin', 'Five', 'admin5@example.com', 'adminhash5', 1);

-- Insert 200 fans
INSERT INTO fans (first_name, last_name, email, password, notify, role_id) VALUES
('Fan1', 'Larsson', 'fan1@example.com', 'fanhash1', TRUE, 3),
('Fan2', 'Andersen', 'fan2@example.com', 'fanhash2', FALSE, 3),
('Fan3', 'Petersen', 'fan3@example.com', 'fanhash3', TRUE, 3),
('Fan4', 'Jensen', 'fan4@example.com', 'fanhash4', FALSE, 3),
('Fan5', 'Nielsen', 'fan5@example.com', 'fanhash5', TRUE, 3),
('Fan6', 'Hansen', 'fan6@example.com', 'fanhash6', FALSE, 3),
('Fan7', 'Pedersen', 'fan7@example.com', 'fanhash7', TRUE, 3),
('Fan8', 'Olsen', 'fan8@example.com', 'fanhash8', FALSE, 3),
('Fan9', 'Christensen', 'fan9@example.com', 'fanhash9', TRUE, 3),
('Fan10', 'Rasmussen', 'fan10@example.com', 'fanhash10', FALSE, 3),
('Fan11', 'Jørgensen', 'fan11@example.com', 'fanhash11', TRUE, 3),
('Fan12', 'Madsen', 'fan12@example.com', 'fanhash12', FALSE, 3),
('Fan13', 'Kristensen', 'fan13@example.com', 'fanhash13', TRUE, 3),
('Fan14', 'Andreasen', 'fan14@example.com', 'fanhash14', FALSE, 3),
('Fan15', 'Sørensen', 'fan15@example.com', 'fanhash15', TRUE, 3),
('Fan16', 'Larsen', 'fan16@example.com', 'fanhash16', FALSE, 3),
('Fan17', 'Johansen', 'fan17@example.com', 'fanhash17', TRUE, 3),
('Fan18', 'Møller', 'fan18@example.com', 'fanhash18', FALSE, 3),
('Fan19', 'Thomsen', 'fan19@example.com', 'fanhash19', TRUE, 3),
('Fan20', 'Knudsen', 'fan20@example.com', 'fanhash20', FALSE, 3),
('Fan21', 'Brandt', 'fan21@example.com', 'fanhash21', TRUE, 3),
('Fan22', 'Vestergaard', 'fan22@example.com', 'fanhash22', FALSE, 3),
('Fan23', 'Holm', 'fan23@example.com', 'fanhash23', TRUE, 3),
('Fan24', 'Frederiksen', 'fan24@example.com', 'fanhash24', FALSE, 3),
('Fan25', 'Laursen', 'fan25@example.com', 'fanhash25', TRUE, 3),
('Fan26', 'Eriksen', 'fan26@example.com', 'fanhash26', FALSE, 3),
('Fan27', 'Poulsen', 'fan27@example.com', 'fanhash27', TRUE, 3),
('Fan28', 'Skov', 'fan28@example.com', 'fanhash28', FALSE, 3),
('Fan29', 'Bach', 'fan29@example.com', 'fanhash29', TRUE, 3),
('Fan30', 'Bech', 'fan30@example.com', 'fanhash30', FALSE, 3),
('Fan31', 'Bundgaard', 'fan31@example.com', 'fanhash31', TRUE, 3),
('Fan32', 'Dahl', 'fan32@example.com', 'fanhash32', FALSE, 3),
('Fan33', 'Frandsen', 'fan33@example.com', 'fanhash33', TRUE, 3),
('Fan34', 'Gregersen', 'fan34@example.com', 'fanhash34', FALSE, 3),
('Fan35', 'Hedegaard', 'fan35@example.com', 'fanhash35', TRUE, 3),
('Fan36', 'Iversen', 'fan36@example.com', 'fanhash36', FALSE, 3),
('Fan37', 'Jakobsen', 'fan37@example.com', 'fanhash37', TRUE, 3),
('Fan38', 'Kjær', 'fan38@example.com', 'fanhash38', FALSE, 3),
('Fan39', 'Lund', 'fan39@example.com', 'fanhash39', TRUE, 3),
('Fan40', 'Mathiesen', 'fan40@example.com', 'fanhash40', FALSE, 3),
('Fan41', 'Nygaard', 'fan41@example.com', 'fanhash41', TRUE, 3),
('Fan42', 'Overgaard', 'fan42@example.com', 'fanhash42', FALSE, 3),
('Fan43', 'Paulsen', 'fan43@example.com', 'fanhash43', TRUE, 3),
('Fan44', 'Qvist', 'fan44@example.com', 'fanhash44', FALSE, 3),
('Fan45', 'Ravn', 'fan45@example.com', 'fanhash45', TRUE, 3),
('Fan46', 'Simonsen', 'fan46@example.com', 'fanhash46', FALSE, 3),
('Fan47', 'Thorsen', 'fan47@example.com', 'fanhash47', TRUE, 3),
('Fan48', 'Udsen', 'fan48@example.com', 'fanhash48', FALSE, 3),
('Fan49', 'Villadsen', 'fan49@example.com', 'fanhash49', TRUE, 3),
('Fan50', 'Winther', 'fan50@example.com', 'fanhash50', FALSE, 3),
('Fan51', 'Aagaard', 'fan51@example.com', 'fanhash51', TRUE, 3),
('Fan52', 'Bjerre', 'fan52@example.com', 'fanhash52', FALSE, 3),
('Fan53', 'Carlsen', 'fan53@example.com', 'fanhash53', TRUE, 3),
('Fan54', 'Damgaard', 'fan54@example.com', 'fanhash54', FALSE, 3),
('Fan55', 'Engel', 'fan55@example.com', 'fanhash55', TRUE, 3),
('Fan56', 'Fischer', 'fan56@example.com', 'fanhash56', FALSE, 3),
('Fan57', 'Grøn', 'fan57@example.com', 'fanhash57', TRUE, 3),
('Fan58', 'Hjorth', 'fan58@example.com', 'fanhash58', FALSE, 3),
('Fan59', 'Ibsen', 'fan59@example.com', 'fanhash59', TRUE, 3),
('Fan60', 'Jessen', 'fan60@example.com', 'fanhash60', FALSE, 3),
('Fan61', 'Krogh', 'fan61@example.com', 'fanhash61', TRUE, 3),
('Fan62', 'Lorenzen', 'fan62@example.com', 'fanhash62', FALSE, 3),
('Fan63', 'Mikkelsen', 'fan63@example.com', 'fanhash63', TRUE, 3),
('Fan64', 'Nørgaard', 'fan64@example.com', 'fanhash64', FALSE, 3),
('Fan65', 'Ottosen', 'fan65@example.com', 'fanhash65', TRUE, 3),
('Fan66', 'Petersen', 'fan66@example.com', 'fanhash66', FALSE, 3),
('Fan67', 'Qvistgaard', 'fan67@example.com', 'fanhash67', TRUE, 3),
('Fan68', 'Rasmussen', 'fan68@example.com', 'fanhash68', FALSE, 3),
('Fan69', 'Søndergaard', 'fan69@example.com', 'fanhash69', TRUE, 3),
('Fan70', 'Thomsen', 'fan70@example.com', 'fanhash70', FALSE, 3),
('Fan71', 'Ullrich', 'fan71@example.com', 'fanhash71', TRUE, 3),
('Fan72', 'Vestergaard', 'fan72@example.com', 'fanhash72', FALSE, 3),
('Fan73', 'Westergaard', 'fan73@example.com', 'fanhash73', TRUE, 3),
('Fan74', 'Xenakis', 'fan74@example.com', 'fanhash74', FALSE, 3),
('Fan75', 'Yde', 'fan75@example.com', 'fanhash75', TRUE, 3),
('Fan76', 'Zachariassen', 'fan76@example.com', 'fanhash76', FALSE, 3),
('Fan77', 'Aarestrup', 'fan77@example.com', 'fanhash77', TRUE, 3),
('Fan78', 'Bruun', 'fan78@example.com', 'fanhash78', FALSE, 3),
('Fan79', 'Christiansen', 'fan79@example.com', 'fanhash79', TRUE, 3),
('Fan80', 'Dalsgaard', 'fan80@example.com', 'fanhash80', FALSE, 3),
('Fan81', 'Eskildsen', 'fan81@example.com', 'fanhash81', TRUE, 3),
('Fan82', 'Frost', 'fan82@example.com', 'fanhash82', FALSE, 3),
('Fan83', 'Gade', 'fan83@example.com', 'fanhash83', TRUE, 3),
('Fan84', 'Hald', 'fan84@example.com', 'fanhash84', FALSE, 3),
('Fan85', 'Iversen', 'fan85@example.com', 'fanhash85', TRUE, 3),
('Fan86', 'Juhl', 'fan86@example.com', 'fanhash86', FALSE, 3),
('Fan87', 'Krogh', 'fan87@example.com', 'fanhash87', TRUE, 3),
('Fan88', 'Larsen', 'fan88@example.com', 'fanhash88', FALSE, 3),
('Fan89', 'Munk', 'fan89@example.com', 'fanhash89', TRUE, 3),
('Fan90', 'Nissen', 'fan90@example.com', 'fanhash90', FALSE, 3),
('Fan91', 'Olesen', 'fan91@example.com', 'fanhash91', TRUE, 3),
('Fan92', 'Petersen', 'fan92@example.com', 'fanhash92', FALSE, 3),
('Fan93', 'Qvist', 'fan93@example.com', 'fanhash93', TRUE, 3),
('Fan94', 'Ravn', 'fan94@example.com', 'fanhash94', FALSE, 3),
('Fan95', 'Sørensen', 'fan95@example.com', 'fanhash95', TRUE, 3),
('Fan96', 'Thorsen', 'fan96@example.com', 'fanhash96', FALSE, 3),
('Fan97', 'Udsen', 'fan97@example.com', 'fanhash97', TRUE, 3),
('Fan98', 'Villadsen', 'fan98@example.com', 'fanhash98', FALSE, 3),
('Fan99', 'Winther', 'fan99@example.com', 'fanhash99', TRUE, 3),
('Fan100', 'Aagaard', 'fan100@example.com', 'fanhash100', FALSE, 3),
('Fan101', 'Bjerre', 'fan101@example.com', 'fanhash101', TRUE, 3),
('Fan102', 'Carlsen', 'fan102@example.com', 'fanhash102', FALSE, 3),
('Fan103', 'Damgaard', 'fan103@example.com', 'fanhash103', TRUE, 3),
('Fan104', 'Engel', 'fan104@example.com', 'fanhash104', FALSE, 3),
('Fan105', 'Fischer', 'fan105@example.com', 'fanhash105', TRUE, 3),
('Fan106', 'Grøn', 'fan106@example.com', 'fanhash106', FALSE, 3),
('Fan107', 'Hjorth', 'fan107@example.com', 'fanhash107', TRUE, 3),
('Fan108', 'Ibsen', 'fan108@example.com', 'fanhash108', FALSE, 3),
('Fan109', 'Jessen', 'fan109@example.com', 'fanhash109', TRUE, 3),
('Fan110', 'Krogh', 'fan110@example.com', 'fanhash110', FALSE, 3),
('Fan111', 'Lorenzen', 'fan111@example.com', 'fanhash111', TRUE, 3),
('Fan112', 'Mikkelsen', 'fan112@example.com', 'fanhash112', FALSE, 3),
('Fan113', 'Nørgaard', 'fan113@example.com', 'fanhash113', TRUE, 3),
('Fan114', 'Ottosen', 'fan114@example.com', 'fanhash114', FALSE, 3),
('Fan115', 'Petersen', 'fan115@example.com', 'fanhash115', TRUE, 3),
('Fan116', 'Qvistgaard', 'fan116@example.com', 'fanhash116', FALSE, 3),
('Fan117', 'Rasmussen', 'fan117@example.com', 'fanhash117', TRUE, 3),
('Fan118', 'Søndergaard', 'fan118@example.com', 'fanhash118', FALSE, 3),
('Fan119', 'Thomsen', 'fan119@example.com', 'fanhash119', TRUE, 3),
('Fan120', 'Ullrich', 'fan120@example.com', 'fanhash120', FALSE, 3),
('Fan121', 'Vestergaard', 'fan121@example.com', 'fanhash121', TRUE, 3),
('Fan122', 'Westergaard', 'fan122@example.com', 'fanhash122', FALSE, 3),
('Fan123', 'Xenakis', 'fan123@example.com', 'fanhash123', TRUE, 3),
('Fan124', 'Yde', 'fan124@example.com', 'fanhash124', FALSE, 3),
('Fan125', 'Zachariassen', 'fan125@example.com', 'fanhash125', TRUE, 3),
('Fan126', 'Aarestrup', 'fan126@example.com', 'fanhash126', FALSE, 3),
('Fan127', 'Bruun', 'fan127@example.com', 'fanhash127', TRUE, 3),
('Fan128', 'Christiansen', 'fan128@example.com', 'fanhash128', FALSE, 3),
('Fan129', 'Dalsgaard', 'fan129@example.com', 'fanhash129', TRUE, 3),
('Fan130', 'Eskildsen', 'fan130@example.com', 'fanhash130', FALSE, 3),
('Fan131', 'Frost', 'fan131@example.com', 'fanhash131', TRUE, 3),
('Fan132', 'Gade', 'fan132@example.com', 'fanhash132', FALSE, 3),
('Fan133', 'Hald', 'fan133@example.com', 'fanhash133', TRUE, 3),
('Fan134', 'Iversen', 'fan134@example.com', 'fanhash134', FALSE, 3),
('Fan135', 'Juhl', 'fan135@example.com', 'fanhash135', TRUE, 3),
('Fan136', 'Krogh', 'fan136@example.com', 'fanhash136', FALSE, 3),
('Fan137', 'Larsen', 'fan137@example.com', 'fanhash137', TRUE, 3),
('Fan138', 'Munk', 'fan138@example.com', 'fanhash138', FALSE, 3),
('Fan139', 'Nissen', 'fan139@example.com', 'fanhash139', TRUE, 3),
('Fan140', 'Olesen', 'fan140@example.com', 'fanhash140', FALSE, 3),
('Fan141', 'Petersen', 'fan141@example.com', 'fanhash141', TRUE, 3),
('Fan142', 'Qvist', 'fan142@example.com', 'fanhash142', FALSE, 3),
('Fan143', 'Ravn', 'fan143@example.com', 'fanhash143', TRUE, 3),
('Fan144', 'Sørensen', 'fan144@example.com', 'fanhash144', FALSE, 3),
('Fan145', 'Thorsen', 'fan145@example.com', 'fanhash145', TRUE, 3),
('Fan146', 'Udsen', 'fan146@example.com', 'fanhash146', FALSE, 3),
('Fan147', 'Villadsen', 'fan147@example.com', 'fanhash147', TRUE, 3),
('Fan148', 'Winther', 'fan148@example.com', 'fanhash148', FALSE, 3),
('Fan149', 'Aagaard', 'fan149@example.com', 'fanhash149', TRUE, 3),
('Fan150', 'Bjerre', 'fan150@example.com', 'fanhash150', FALSE, 3),
('Fan151', 'Carlsen', 'fan151@example.com', 'fanhash151', TRUE, 3),
('Fan152', 'Damgaard', 'fan152@example.com', 'fanhash152', FALSE, 3),
('Fan153', 'Engel', 'fan153@example.com', 'fanhash153', TRUE, 3),
('Fan154', 'Fischer', 'fan154@example.com', 'fanhash154', FALSE, 3),
('Fan155', 'Grøn', 'fan155@example.com', 'fanhash155', TRUE, 3),
('Fan156', 'Hjorth', 'fan156@example.com', 'fanhash156', FALSE, 3),
('Fan157', 'Ibsen', 'fan157@example.com', 'fanhash157', TRUE, 3),
('Fan158', 'Jessen', 'fan158@example.com', 'fanhash158', FALSE, 3),
('Fan159', 'Krogh', 'fan159@example.com', 'fanhash159', TRUE, 3),
('Fan160', 'Lorenzen', 'fan160@example.com', 'fanhash160', FALSE, 3),
('Fan161', 'Mikkelsen', 'fan161@example.com', 'fanhash161', TRUE, 3),
('Fan162', 'Nørgaard', 'fan162@example.com', 'fanhash162', FALSE, 3),
('Fan163', 'Ottosen', 'fan163@example.com', 'fanhash163', TRUE, 3),
('Fan164', 'Petersen', 'fan164@example.com', 'fanhash164', FALSE, 3),
('Fan165', 'Qvistgaard', 'fan165@example.com', 'fanhash165', TRUE, 3),
('Fan166', 'Rasmussen', 'fan166@example.com', 'fanhash166', FALSE, 3),
('Fan167', 'Søndergaard', 'fan167@example.com', 'fanhash167', TRUE, 3),
('Fan168', 'Thomsen', 'fan168@example.com', 'fanhash168', FALSE, 3),
('Fan169', 'Ullrich', 'fan169@example.com', 'fanhash169', TRUE, 3),
('Fan170', 'Vestergaard', 'fan170@example.com', 'fanhash170', FALSE, 3),
('Fan171', 'Westergaard', 'fan171@example.com', 'fanhash171', TRUE, 3),
('Fan172', 'Xenakis', 'fan172@example.com', 'fanhash172', FALSE, 3),
('Fan173', 'Yde', 'fan173@example.com', 'fanhash173', TRUE, 3),
('Fan174', 'Zachariassen', 'fan174@example.com', 'fanhash174', FALSE, 3),
('Fan175', 'Aarestrup', 'fan175@example.com', 'fanhash175', TRUE, 3),
('Fan176', 'Bruun', 'fan176@example.com', 'fanhash176', FALSE, 3),
('Fan177', 'Christiansen', 'fan177@example.com', 'fanhash177', TRUE, 3),
('Fan178', 'Dalsgaard', 'fan178@example.com', 'fanhash178', FALSE, 3),
('Fan179', 'Eskildsen', 'fan179@example.com', 'fanhash179', TRUE, 3),
('Fan180', 'Frost', 'fan180@example.com', 'fanhash180', FALSE, 3),
('Fan181', 'Gade', 'fan181@example.com', 'fanhash181', TRUE, 3),
('Fan182', 'Hald', 'fan182@example.com', 'fanhash182', FALSE, 3),
('Fan183', 'Iversen', 'fan183@example.com', 'fanhash183', TRUE, 3),
('Fan184', 'Juhl', 'fan184@example.com', 'fanhash184', FALSE, 3),
('Fan185', 'Krogh', 'fan185@example.com', 'fanhash185', TRUE, 3),
('Fan186', 'Larsen', 'fan186@example.com', 'fanhash186', FALSE, 3),
('Fan187', 'Munk', 'fan187@example.com', 'fanhash187', TRUE, 3),
('Fan188', 'Nissen', 'fan188@example.com', 'fanhash188', FALSE, 3),
('Fan189', 'Olesen', 'fan189@example.com', 'fanhash189', TRUE, 3),
('Fan190', 'Petersen', 'fan190@example.com', 'fanhash190', FALSE, 3),
('Fan191', 'Qvist', 'fan191@example.com', 'fanhash191', TRUE, 3),
('Fan192', 'Ravn', 'fan192@example.com', 'fanhash192', FALSE, 3),
('Fan193', 'Sørensen', 'fan193@example.com', 'fanhash193', TRUE, 3),
('Fan194', 'Thorsen', 'fan194@example.com', 'fanhash194', FALSE, 3),
('Fan195', 'Udsen', 'fan195@example.com', 'fanhash195', TRUE, 3),
('Fan196', 'Villadsen', 'fan196@example.com', 'fanhash196', FALSE, 3),
('Fan197', 'Winther', 'fan197@example.com', 'fanhash197', TRUE, 3),
('Fan198', 'Aagaard', 'fan198@example.com', 'fanhash198', FALSE, 3),
('Fan199', 'Bjerre', 'fan199@example.com', 'fanhash199', TRUE, 3),
('Fan200', 'Carlsen', 'fan200@example.com', 'fanhash200', FALSE, 3);

INSERT INTO categories (name)
VALUES
('Hiking'),
('Cycling'),
('Trekking'),
('Adventure'),
('Walking');

INSERT INTO regions (name)
VALUES
('Marrakech-Safi'),
('Fès-Meknès'),
('Tanger-Tétouan-Al Hoceima'),
('Souss-Massa'),
('Drâa-Tafilalet'),
('Rabat-Salé-Kénitra'),
('Oriental');

INSERT INTO stages (name, start_location, end_location, distance_km, start_date, end_date, category_id, region_id, difficulty_level, photo, description)
VALUES
('Stage 1: Marrakech to Ouarzazate', 'Marrakech', 'Ouarzazate', 350.00, '2024-03-01', '2024-03-03', 2, 1, 'difficile', 'photo_stage1.jpg', 'Mountain stage through the High Atlas.'),
('Stage 2: Ouarzazate to Zagora', 'Ouarzazate', 'Zagora', 280.00, '2024-03-04', '2024-03-06', 2, 5, 'medium', 'photo_stage2.jpg', 'Desert stage with some challenging dunes.'),
('Stage 3: Zagora to Erfoud', 'Zagora', 'Erfoud', 320.00, '2024-03-07', '2024-03-09', 2, 5, 'facile', 'photo_stage3.jpg', 'Flat stage across plains.'),
('Stage 4: Erfoud to Merzouga', 'Erfoud', 'Merzouga', 180.00, '2024-03-10', '2024-03-12', 2, 5, 'medium', 'photo_stage4.jpg', 'Desert stage with the Erg Chebbi dunes.' ),
('Stage 5: Merzouga to Midelt', 'Merzouga', 'Midelt', 400.00, '2024-03-13', '2024-03-15', 2, 5, 'difficile', 'photo_stage5.jpg', 'Mountain stage with tough climbs.'),
('Stage 6: Midelt to Fes', 'Midelt', 'Fes', 250.00, '2024-03-16', '2024-03-18', 2, 2, 'medium', 'photo_stage6.jpg', 'Rolling hills and plains.'),
('Stage 7: Fes to Chefchaouen', 'Fes', 'Chefchaouen', 200.00, '2024-03-19', '2024-03-21', 2, 2, 'difficile', 'photo_stage7.jpg', 'Mountain stage in the Rif Mountains.'),
('Stage 8: Chefchaouen to Tangier', 'Chefchaouen', 'Tangier', 120.00, '2024-03-22', '2024-03-24', 2, 3, 'facile', 'photo_stage8.jpg', 'Coastal stage with scenic views.');

-- Insert rankings for all cyclists across all stages (400 entries)
INSERT INTO ranking (cyclist_id, stage_id, total_time, points_awarded) VALUES
(1, 1, '01:35:00', 15),
(1, 2, '01:18:30', 12),
(1, 3, '02:05:45', 18),
(1, 4, '01:50:20', 14),
(1, 5, '01:42:10', 16),
(1, 6, '02:10:30', 13),
(1, 7, '01:55:45', 17),
(1, 8, '02:20:00', 15),
(2, 1, '01:37:30', 14),
(2, 2, '01:20:00', 11),
(2, 3, '02:08:00', 17),
(2, 4, '01:52:30', 13),
(2, 5, '01:44:20', 15),
(2, 6, '02:12:45', 12),
(2, 7, '01:58:00', 16),
(2, 8, '02:22:30', 14),
(3, 1, '01:40:00', 13),
(3, 2, '01:22:30', 10),
(3, 3, '02:10:30', 16),
(3, 4, '01:55:00', 12),
(3, 5, '01:46:30', 14),
(3, 6, '02:15:00', 11),
(3, 7, '02:00:15', 15),
(3, 8, '02:25:00', 13),
(4, 1, '01:42:30', 12),
(4, 2, '01:25:00', 9),
(4, 3, '02:13:00', 15),
(4, 4, '01:57:30', 11),
(4, 5, '01:48:40', 13),
(4, 6, '02:17:15', 10),
(4, 7, '02:02:30', 14),
(4, 8, '02:27:30', 12),
(5, 1, '01:45:00', 11),
(5, 2, '01:27:30', 8),
(5, 3, '02:15:30', 14),
(5, 4, '02:00:00', 10),
(5, 5, '01:50:50', 12),
(5, 6, '02:19:30', 9),
(5, 7, '02:04:45', 13),
(5, 8, '02:30:00', 11),
(6, 1, '01:47:30', 10),
(6, 2, '01:30:00', 7),
(6, 3, '02:18:00', 13),
(6, 4, '02:02:30', 9),
(6, 5, '01:53:00', 11),
(6, 6, '02:21:45', 8),
(6, 7, '02:07:00', 12),
(6, 8, '02:32:30', 10),
(7, 1, '01:50:00', 9),
(7, 2, '01:32:30', 6),
(7, 3, '02:20:30', 12),
(7, 4, '02:05:00', 8),
(7, 5, '01:55:10', 10),
(7, 6, '02:24:00', 7),
(7, 7, '02:09:15', 11),
(7, 8, '02:35:00', 9),
(8, 1, '01:52:30', 8),
(8, 2, '01:35:00', 5),
(8, 3, '02:23:00', 11),
(8, 4, '02:07:30', 7),
(8, 5, '01:57:20', 9),
(8, 6, '02:26:15', 6),
(8, 7, '02:11:30', 10),
(8, 8, '02:37:30', 8),
(9, 1, '01:55:00', 7),
(9, 2, '01:37:30', 4),
(9, 3, '02:25:30', 10),
(9, 4, '02:10:00', 6),
(9, 5, '01:59:30', 8),
(9, 6, '02:28:30', 5),
(9, 7, '02:13:45', 9),
(9, 8, '02:40:00', 7),
(10, 1, '01:57:30', 6),
(10, 2, '01:40:00', 3),
(10, 3, '02:28:00', 9),
(10, 4, '02:12:30', 5),
(10, 5, '02:01:40', 7),
(10, 6, '02:30:45', 4),
(10, 7, '02:16:00', 8),
(10, 8, '02:42:30', 6),
(11, 1, '02:00:00', 5),
(11, 2, '01:42:30', 2),
(11, 3, '02:30:30', 8),
(11, 4, '02:15:00', 4),
(11, 5, '02:03:50', 6),
(11, 6, '02:33:00', 3),
(11, 7, '02:18:15', 7),
(11, 8, '02:45:00', 5),
(12, 1, '02:02:30', 4),
(12, 2, '01:45:00', 1),
(12, 3, '02:33:00', 7),
(12, 4, '02:17:30', 3),
(12, 5, '02:06:00', 5),
(12, 6, '02:35:15', 2),
(12, 7, '02:20:30', 6),
(12, 8, '02:47:30', 4),
(13, 1, '02:05:00', 3),
(13, 2, '01:47:30', 0),
(13, 3, '02:35:30', 6),
(13, 4, '02:20:00', 2),
(13, 5, '02:08:10', 4),
(13, 6, '02:37:30', 1),
(13, 7, '02:22:45', 5),
(13, 8, '02:50:00', 3),
(14, 1, '02:07:30', 2),
(14, 2, '01:50:00', 0),
(14, 3, '02:38:00', 5),
(14, 4, '02:22:30', 1),
(14, 5, '02:10:20', 3),
(14, 6, '02:39:45', 0),
(14, 7, '02:25:00', 4),
(14, 8, '02:52:30', 2),
(15, 1, '02:10:00', 1),
(15, 2, '01:52:30', 0),
(15, 3, '02:40:30', 4),
(15, 4, '02:25:00', 0),
(15, 5, '02:12:30', 2),
(15, 6, '02:42:00', 0),
(15, 7, '02:27:15', 3),
(15, 8, '02:55:00', 1),
(16, 1, '02:12:30', 0),
(16, 2, '01:55:00', 0),
(16, 3, '02:43:00', 3),
(16, 4, '02:27:30', 0),
(16, 5, '02:14:40', 1),
(16, 6, '02:44:15', 0),
(16, 7, '02:29:30', 2),
(16, 8, '02:57:30', 0),
(17, 1, '02:15:00', 0),
(17, 2, '01:57:30', 0),
(17, 3, '02:45:30', 2),
(17, 4, '02:30:00', 0),
(17, 5, '02:16:50', 0),
(17, 6, '02:46:30', 0),
(17, 7, '02:31:45', 1),
(17, 8, '03:00:00', 0),
(18, 1, '02:17:30', 0),
(18, 2, '02:00:00', 0),
(18, 3, '02:48:00', 1),
(18, 4, '02:32:30', 0),
(18, 5, '02:19:00', 0),
(18, 6, '02:48:45', 0),
(18, 7, '02:34:00', 0),
(18, 8, '03:02:30', 0),
(19, 1, '02:20:00', 0),
(19, 2, '02:02:30', 0),
(19, 3, '02:50:30', 0),
(19, 4, '02:35:00', 0),
(19, 5, '02:21:10', 0),
(19, 6, '02:51:00', 0),
(19, 7, '02:36:15', 0),
(19, 8, '03:05:00', 0),
(20, 1, '02:22:30', 0),
(20, 2, '02:05:00', 0),
(20, 3, '02:53:00', 0),
(20, 4, '02:37:30', 0),
(20, 5, '02:23:20', 0),
(20, 6, '02:53:15', 0),
(20, 7, '02:38:30', 0),
(20, 8, '03:07:30', 0),
(21, 1, '02:25:00', 0),
(21, 2, '02:07:30', 0),
(21, 3, '02:55:30', 0),
(21, 4, '02:40:00', 0),
(21, 5, '02:25:30', 0),
(21, 6, '02:55:30', 0),
(21, 7, '02:40:45', 0),
(21, 8, '03:10:00', 0),
(22, 1, '02:27:30', 0),
(22, 2, '02:10:00', 0),
(22, 3, '02:58:00', 0),
(22, 4, '02:42:30', 0),
(22, 5, '02:27:40', 0),
(22, 6, '02:57:45', 0),
(22, 7, '02:43:00', 0),
(22, 8, '03:12:30', 0),
(23, 1, '02:30:00', 0),
(23, 2, '02:12:30', 0),
(23, 3, '03:00:30', 0),
(23, 4, '02:45:00', 0),
(23, 5, '02:29:50', 0),
(23, 6, '03:00:00', 0),
(23, 7, '02:45:15', 0),
(23, 8, '03:15:00', 0),
(24, 1, '02:32:30', 0),
(24, 2, '02:15:00', 0),
(24, 3, '03:03:00', 0),
(24, 4, '02:47:30', 0),
(24, 5, '02:32:00', 0),
(24, 6, '03:02:15', 0),
(24, 7, '02:47:30', 0),
(24, 8, '03:17:30', 0),
(25, 1, '02:35:00', 0),
(25, 2, '02:17:30', 0),
(25, 3, '03:05:30', 0),
(25, 4, '02:50:00', 0),
(25, 5, '02:34:10', 0),
(25, 6, '03:04:30', 0),
(25, 7, '02:49:45', 0),
(25, 8, '03:20:00', 0),
(26, 1, '02:37:30', 0),
(26, 2, '02:20:00', 0),
(26, 3, '03:08:00', 0),
(26, 4, '02:52:30', 0),
(26, 5, '02:36:20', 0),
(26, 6, '03:06:45', 0),
(26, 7, '02:52:00', 0),
(26, 8, '03:22:30', 0),
(27, 1, '02:40:00', 0),
(27, 2, '02:22:30', 0),
(27, 3, '03:10:30', 0),
(27, 4, '02:55:00', 0),
(27, 5, '02:38:30', 0),
(27, 6, '03:09:00', 0),
(27, 7, '02:54:15', 0),
(27, 8, '03:25:00', 0),
(28, 1, '02:42:30', 0),
(28, 2, '02:25:00', 0),
(28, 3, '03:13:00', 0),
(28, 4, '02:57:30', 0),
(28, 5, '02:40:40', 0),
(28, 6, '03:11:15', 0),
(28, 7, '02:56:30', 0),
(28, 8, '03:27:30', 0),
(29, 1, '02:45:00', 0),
(29, 2, '02:27:30', 0),
(29, 3, '03:15:30', 0),
(29, 4, '03:00:00', 0),
(29, 5, '02:42:50', 0),
(29, 6, '03:13:30', 0),
(29, 7, '02:58:45', 0),
(29, 8, '03:30:00', 0),
(30, 1, '02:47:30', 0),
(30, 2, '02:30:00', 0),
(30, 3, '03:18:00', 0),
(30, 4, '03:02:30', 0),
(30, 5, '02:45:00', 0),
(30, 6, '03:15:45', 0),
(30, 7, '03:01:00', 0),
(30, 8, '03:32:30', 0),
(31, 1, '02:50:00', 0),
(31, 2, '02:32:30', 0),
(31, 3, '03:20:30', 0),
(31, 4, '03:05:00', 0),
(31, 5, '02:47:10', 0),
(31, 6, '03:18:00', 0),
(31, 7, '03:03:15', 0),
(31, 8, '03:35:00', 0),
(32, 1, '02:52:30', 0),
(32, 2, '02:35:00', 0),
(32, 3, '03:23:00', 0),
(32, 4, '03:07:30', 0),
(32, 5, '02:49:20', 0),
(32, 6, '03:20:15', 0),
(32, 7, '03:05:30', 0),
(32, 8, '03:37:30', 0),
(33, 1, '02:55:00', 0),
(33, 2, '02:37:30', 0),
(33, 3, '03:25:30', 0),
(33, 4, '03:10:00', 0),
(33, 5, '02:51:30', 0),
(33, 6, '03:22:30', 0),
(33, 7, '03:07:45', 0),
(33, 8, '03:40:00', 0),
(34, 1, '02:57:30', 0),
(34, 2, '02:40:00', 0),
(34, 3, '03:28:00', 0),
(34, 4, '03:12:30', 0),
(34, 5, '02:53:40', 0),
(34, 6, '03:24:45', 0),
(34, 7, '03:10:00', 0),
(34, 8, '03:42:30', 0),
(35, 1, '03:00:00', 0),
(35, 2, '02:42:30', 0),
(35, 3, '03:30:30', 0),
(35, 4, '03:15:00', 0),
(35, 5, '02:55:50', 0),
(35, 6, '03:27:00', 0),
(35, 7, '03:12:15', 0),
(35, 8, '03:45:00', 0),
(36, 1, '03:02:30', 0),
(36, 2, '02:45:00', 0),
(36, 3, '03:33:00', 0),
(36, 4, '03:17:30', 0),
(36, 5, '02:58:00', 0),
(36, 6, '03:29:15', 0),
(36, 7, '03:14:30', 0),
(36, 8, '03:47:30', 0),
(37, 1, '03:05:00', 0),
(37, 2, '02:47:30', 0),
(37, 3, '03:35:30', 0),
(37, 4, '03:20:00', 0),
(37, 5, '03:00:10', 0),
(37, 6, '03:31:30', 0),
(37, 7, '03:16:45', 0),
(37, 8, '03:50:00', 0),
(38, 1, '03:07:30', 0),
(38, 2, '02:50:00', 0),
(38, 3, '03:38:00', 0),
(38, 4, '03:22:30', 0),
(38, 5, '03:02:20', 0),
(38, 6, '03:33:45', 0),
(38, 7, '03:19:00', 0),
(38, 8, '03:52:30', 0),
(39, 1, '03:10:00', 0),
(39, 2, '02:52:30', 0),
(39, 3, '03:40:30', 0),
(39, 4, '03:25:00', 0),
(39, 5, '03:04:30', 0),
(39, 6, '03:36:00', 0),
(39, 7, '03:21:15', 0),
(39, 8, '03:55:00', 0),
(40, 1, '03:12:30', 0),
(40, 2, '02:55:00', 0),
(40, 3, '03:43:00', 0),
(40, 4, '03:27:30', 0),
(40, 5, '03:06:40', 0),
(40, 6, '03:38:15', 0),
(40, 7, '03:23:30', 0),
(40, 8, '03:57:30', 0),
(41, 1, '03:15:00', 0),
(41, 2, '02:57:30', 0),
(41, 3, '03:45:30', 0),
(41, 4, '03:30:00', 0),
(41, 5, '03:08:50', 0),
(41, 6, '03:40:30', 0),
(41, 7, '03:25:45', 0),
(41, 8, '04:00:00', 0),
(42, 1, '03:17:30', 0),
(42, 2, '03:00:00', 0),
(42, 3, '03:48:00', 0),
(42, 4, '03:32:30', 0),
(42, 5, '03:11:00', 0),
(42, 6, '03:42:45', 0),
(42, 7, '03:28:00', 0),
(42, 8, '04:02:30', 0),
(43, 1, '03:20:00', 0),
(43, 2, '03:02:30', 0),
(43, 3, '03:50:30', 0),
(43, 4, '03:35:00', 0),
(43, 5, '03:13:10', 0),
(43, 6, '03:45:00', 0),
(43, 7, '03:30:15', 0),
(43, 8, '04:05:00', 0),
(44, 1, '03:22:30', 0),
(44, 2, '03:05:00', 0),
(44, 3, '03:53:00', 0),
(44, 4, '03:37:30', 0),
(44, 5, '03:15:20', 0),
(44, 6, '03:47:15', 0),
(44, 7, '03:32:30', 0),
(44, 8, '04:07:30', 0),
(45, 1, '03:25:00', 0),
(45, 2, '03:07:30', 0),
(45, 3, '03:55:30', 0),
(45, 4, '03:40:00', 0),
(45, 5, '03:17:30', 0),
(45, 6, '03:49:30', 0),
(45, 7, '03:34:45', 0),
(45, 8, '04:10:00', 0),
(46, 1, '03:27:30', 0),
(46, 2, '03:10:00', 0),
(46, 3, '03:58:00', 0),
(46, 4, '03:42:30', 0),
(46, 5, '03:19:40', 0),
(46, 6, '03:51:45', 0),
(46, 7, '03:37:00', 0),
(46, 8, '04:12:30', 0),
(47, 1, '03:30:00', 0),
(47, 2, '03:12:30', 0),
(47, 3, '04:00:30', 0),
(47, 4, '03:45:00', 0),
(47, 5, '03:21:50', 0),
(47, 6, '03:54:00', 0),
(47, 7, '03:39:15', 0),
(47, 8, '04:15:00', 0);

-- Insert fan favorites (600 entries)
INSERT INTO fan_favorites (id_fan, id_cyclist) VALUES
(54, 20),
(54, 21),
(55, 22),
(55, 23),
(55, 24),
(56, 25),
(56, 26),
(56, 27),
(57, 28),
(57, 29),
(57, 30),
(58, 31),
(58, 32),
(58, 33),
(59, 34),
(59, 35),
(59, 36),
(60, 37),
(60, 38),
(60, 39),
(61, 40),
(61, 41),
(61, 42),
(62, 43),
(62, 44),
(62, 45),
(63, 46),
(63, 47),
(63, 1),
(64, 2),
(64, 3),
(64, 4),
(65, 5),
(65, 6),
(65, 7),
(66, 8),
(66, 9),
(66, 10),
(67, 11),
(67, 12),
(67, 13),
(68, 14),
(68, 15),
(68, 16),
(69, 17),
(69, 18),
(69, 19),
(70, 20),
(70, 21),
(70, 22),
(71, 23),
(71, 24),
(71, 25),
(72, 26),
(72, 27),
(72, 28),
(73, 29),
(73, 30),
(73, 31),
(74, 32),
(74, 33),
(74, 34),
(75, 35),
(75, 36),
(75, 37),
(76, 38),
(76, 39),
(76, 40),
(77, 41),
(77, 42),
(77, 43),
(78, 44),
(78, 45),
(78, 46),
(79, 47),
(79, 1),
(79, 2),
(80, 3),
(80, 4),
(80, 5),
(81, 6),
(81, 7),
(81, 8),
(82, 9),
(82, 10),
(82, 11),
(83, 12),
(83, 13),
(83, 14),
(84, 15),
(84, 16),
(84, 17),
(85, 18),
(85, 19),
(85, 20),
(86, 21),
(86, 22),
(86, 23),
(87, 24),
(87, 25),
(87, 26),
(88, 27),
(88, 28),
(88, 29),
(89, 30),
(89, 31),
(89, 32),
(90, 33),
(90, 34),
(90, 35),
(91, 36),
(91, 37),
(91, 38),
(92, 39),
(92, 40),
(92, 41),
(93, 42),
(93, 43),
(93, 44),
(94, 45),
(94, 46),
(94, 47),
(95, 1),
(95, 2),
(95, 3),
(96, 4),
(96, 5),
(96, 6),
(97, 7),
(97, 8),
(97, 9),
(98, 10),
(98, 11),
(98, 12),
(99, 13),
(99, 14),
(99, 15),
(100, 16),
(100, 17),
(100, 18),
(101, 19),
(101, 20),
(101, 21),
(102, 22),
(102, 23),
(102, 24),
(103, 25),
(103, 26),
(103, 27),
(104, 28),
(104, 29),
(104, 30),
(105, 31),
(105, 32),
(105, 33),
(106, 34),
(106, 35),
(106, 36),
(107, 37),
(107, 38),
(107, 39),
(108, 40),
(108, 41),
(108, 42),
(109, 43),
(109, 44),
(109, 45),
(110, 46),
(110, 47),
(110, 1),
(111, 2),
(111, 3),
(111, 4),
(112, 5),
(112, 6),
(112, 7),
(113, 8),
(113, 9),
(113, 10),
(114, 11),
(114, 12),
(114, 13),
(115, 14),
(115, 15),
(115, 16),
(116, 17),
(116, 18),
(116, 19),
(117, 20),
(117, 21),
(117, 22),
(118, 23),
(118, 24),
(118, 25),
(119, 26),
(119, 27),
(119, 28),
(120, 29),
(120, 30),
(120, 31),
(121, 32),
(121, 33),
(121, 34),
(122, 35),
(122, 36),
(122, 37),
(123, 38),
(123, 39),
(123, 40),
(124, 41),
(124, 42),
(124, 43),
(125, 44),
(125, 45),
(125, 46),
(126, 47),
(126, 1),
(126, 2),
(127, 3),
(127, 4),
(127, 5),
(128, 6),
(128, 7),
(128, 8),
(129, 9),
(129, 10),
(129, 11),
(130, 12),
(130, 13),
(130, 14),
(131, 15),
(131, 16),
(131, 17),
(132, 18),
(132, 19),
(132, 20),
(133, 21),
(133, 22),
(133, 23),
(134, 24),
(134, 25),
(134, 26),
(135, 27),
(135, 28),
(135, 29),
(136, 30),
(136, 31),
(136, 32),
(137, 33),
(137, 34),
(137, 35),
(138, 36),
(138, 37),
(138, 38),
(139, 39),
(139, 40),
(139, 41),
(140, 42),
(140, 43),
(140, 44),
(141, 45),
(141, 46),
(141, 47),
(142, 1),
(142, 2),
(142, 3),
(143, 4),
(143, 5),
(143, 6),
(144, 7),
(144, 8),
(144, 9),
(145, 10),
(145, 11),
(145, 12),
(146, 13),
(146, 14),
(146, 15),
(147, 16),
(147, 17),
(147, 18),
(148, 19),
(148, 20),
(148, 21),
(149, 22),
(149, 23),
(149, 24),
(150, 25),
(150, 26),
(150, 27),
(151, 28),
(151, 29),
(151, 30),
(152, 31),
(152, 32),
(152, 33),
(153, 34),
(153, 35),
(153, 36),
(154, 37),
(154, 38),
(154, 39),
(155, 40),
(155, 41),
(155, 42),
(156, 43),
(156, 44),
(156, 45),
(157, 46),
(157, 47),
(157, 1),
(158, 2),
(158, 3),
(158, 4),
(159, 5),
(159, 6),
(159, 7),
(160, 8),
(160, 9),
(160, 10),
(161, 11),
(161, 12),
(161, 13),
(162, 14),
(162, 15),
(162, 16),
(163, 17),
(163, 18),
(163, 19),
(164, 20),
(164, 21),
(164, 22),
(165, 23),
(165, 24),
(165, 25),
(166, 26),
(166, 27),
(166, 28),
(167, 29),
(167, 30),
(167, 31),
(168, 32),
(168, 33),
(168, 34),
(169, 35),
(169, 36),
(169, 37),
(170, 38),
(170, 39),
(170, 40),
(171, 41),
(171, 42),
(171, 43),
(172, 44),
(172, 45),
(172, 46),
(173, 47),
(173, 1),
(173, 2),
(174, 3),
(174, 4),
(174, 5),
(175, 6),
(175, 7),
(175, 8),
(176, 9),
(176, 10),
(176, 11),
(177, 12),
(177, 13),
(177, 14),
(178, 15),
(178, 16),
(178, 17),
(179, 18),
(179, 19),
(179, 20),
(180, 21),
(180, 22),
(180, 23),
(181, 24),
(181, 25),
(181, 26),
(182, 27),
(182, 28),
(182, 29),
(183, 30),
(183, 31),
(183, 32),
(184, 33),
(184, 34),
(184, 35),
(185, 36),
(185, 37),
(185, 38),
(186, 39),
(186, 40),
(186, 41),
(187, 42),
(187, 43),
(187, 44),
(188, 45),
(188, 46),
(188, 47),
(189, 1),
(189, 2),
(189, 3),
(190, 4),
(190, 5),
(190, 6),
(191, 7),
(191, 8),
(191, 9),
(192, 10),
(192, 11),
(192, 12),
(193, 13),
(193, 14),
(193, 15),
(194, 16),
(194, 17),
(194, 18),
(195, 19),
(195, 20),
(195, 21),
(196, 22),
(196, 23),
(196, 24),
(197, 25),
(197, 26),
(197, 27),
(198, 28),
(198, 29),
(198, 30),
(199, 31),
(199, 32),
(199, 33),
(200, 34),
(200, 35),
(200, 36);

-- Insert comments (200 entries)
INSERT INTO comments (id_fan, stage_id, content, validated) VALUES
(59, 5, 'The Draa River was a beautiful sight.', TRUE),
(60, 2, 'The valley crossing was a great experience.', TRUE),
(61, 4, 'The sunset walk was magical.', TRUE),
(62, 6, 'The desert stage was a true test.', TRUE),
(63, 7, 'The jungle exploration was thrilling.', TRUE),
(64, 8, 'The final stage was a great challenge.', TRUE),
(65, 1, 'The Atlas Mountains were stunning.', TRUE),
(66, 3, 'The blue city of Chefchaouen was amazing.', TRUE),
(67, 5, 'The kasbahs were a highlight.', TRUE),
(68, 2, 'The valley crossing was peaceful.', TRUE),
(69, 4, 'The coastline walk was beautiful.', TRUE),
(70, 6, 'The sand dunes were a unique challenge.', TRUE),
(71, 7, 'The rivers and forests were a highlight.', TRUE),
(72, 8, 'The hills around Tetouan were tough.', TRUE),
(73, 1, 'The start in Marrakech was fantastic.', TRUE),
(74, 3, 'The Rif Mountains were breathtaking.', TRUE),
(75, 5, 'The Draa River was a beautiful sight.', TRUE),
(76, 2, 'The valley crossing was a great experience.', TRUE),
(77, 4, 'The sunset walk was magical.', TRUE),
(78, 6, 'The desert stage was a true test.', TRUE),
(79, 7, 'The jungle exploration was thrilling.', TRUE),
(80, 8, 'The final stage was a great challenge.', TRUE),
(81, 1, 'The Atlas Mountains were stunning.', TRUE),
(82, 3, 'The blue city of Chefchaouen was amazing.', TRUE),
(83, 5, 'The kasbahs were a highlight.', TRUE),
(84, 2, 'The valley crossing was peaceful.', TRUE),
(85, 4, 'The coastline walk was beautiful.', TRUE),
(86, 6, 'The sand dunes were a unique challenge.', TRUE),
(87, 7, 'The rivers and forests were a highlight.', TRUE),
(88, 8, 'The hills around Tetouan were tough.', TRUE),
(89, 1, 'The start in Marrakech was fantastic.', TRUE),
(90, 3, 'The Rif Mountains were breathtaking.', TRUE),
(91, 5, 'The Draa River was a beautiful sight.', TRUE),
(92, 2, 'The valley crossing was a great experience.', TRUE),
(93, 4, 'The sunset walk was magical.', TRUE),
(94, 6, 'The desert stage was a true test.', TRUE),
(95, 7, 'The jungle exploration was thrilling.', TRUE),
(96, 8, 'The final stage was a great challenge.', TRUE),
(97, 1, 'The Atlas Mountains were stunning.', TRUE),
(98, 3, 'The blue city of Chefchaouen was amazing.', TRUE),
(99, 5, 'The kasbahs were a highlight.', TRUE),
(100, 2, 'The valley crossing was peaceful.', TRUE),
(101, 4, 'The coastline walk was beautiful.', TRUE),
(102, 6, 'The sand dunes were a unique challenge.', TRUE),
(103, 7, 'The rivers and forests were a highlight.', TRUE),
(104, 8, 'The hills around Tetouan were tough.', TRUE),
(105, 1, 'The start in Marrakech was fantastic.', TRUE),
(106, 3, 'The Rif Mountains were breathtaking.', TRUE),
(107, 5, 'The Draa River was a beautiful sight.', TRUE),
(108, 2, 'The valley crossing was a great experience.', TRUE),
(109, 4, 'The sunset walk was magical.', TRUE),
(110, 6, 'The desert stage was a true test.', TRUE),
(111, 7, 'The jungle exploration was thrilling.', TRUE),
(112, 8, 'The final stage was a great challenge.', TRUE),
(113, 1, 'The Atlas Mountains were stunning.', TRUE),
(114, 3, 'The blue city of Chefchaouen was amazing.', TRUE),
(115, 5, 'The kasbahs were a highlight.', TRUE),
(116, 2, 'The valley crossing was peaceful.', TRUE),
(117, 4, 'The coastline walk was beautiful.', TRUE),
(118, 6, 'The sand dunes were a unique challenge.', TRUE),
(119, 7, 'The rivers and forests were a highlight.', TRUE),
(120, 8, 'The hills around Tetouan were tough.', TRUE),
(121, 1, 'The start in Marrakech was fantastic.', TRUE),
(122, 3, 'The Rif Mountains were breathtaking.', TRUE),
(123, 5, 'The Draa River was a beautiful sight.', TRUE),
(124, 2, 'The valley crossing was a great experience.', TRUE),
(125, 4, 'The sunset walk was magical.', TRUE),
(126, 6, 'The desert stage was a true test.', TRUE),
(127, 7, 'The jungle exploration was thrilling.', TRUE),
(128, 8, 'The final stage was a great challenge.', TRUE),
(129, 1, 'The Atlas Mountains were stunning.', TRUE),
(130, 3, 'The blue city of Chefchaouen was amazing.', TRUE),
(131, 5, 'The kasbahs were a highlight.', TRUE),
(132, 2, 'The valley crossing was peaceful.', TRUE),
(133, 4, 'The coastline walk was beautiful.', TRUE),
(134, 6, 'The sand dunes were a unique challenge.', TRUE),
(135, 7, 'The rivers and forests were a highlight.', TRUE),
(136, 8, 'The hills around Tetouan were tough.', TRUE),
(137, 1, 'The start in Marrakech was fantastic.', TRUE),
(138, 3, 'The Rif Mountains were breathtaking.', TRUE),
(139, 5, 'The Draa River was a beautiful sight.', TRUE),
(140, 2, 'The valley crossing was a great experience.', TRUE),
(141, 4, 'The sunset walk was magical.', TRUE),
(142, 6, 'The desert stage was a true test.', TRUE),
(143, 7, 'The jungle exploration was thrilling.', TRUE),
(144, 8, 'The final stage was a great challenge.', TRUE),
(145, 1, 'The Atlas Mountains were stunning.', TRUE),
(146, 3, 'The blue city of Chefchaouen was amazing.', TRUE),
(147, 5, 'The kasbahs were a highlight.', TRUE),
(148, 2, 'The valley crossing was peaceful.', TRUE),
(149, 4, 'The coastline walk was beautiful.', TRUE),
(150, 6, 'The sand dunes were a unique challenge.', TRUE),
(151, 7, 'The rivers and forests were a highlight.', TRUE),
(152, 8, 'The hills around Tetouan were tough.', TRUE),
(153, 1, 'The start in Marrakech was fantastic.', TRUE),
(154, 3, 'The Rif Mountains were breathtaking.', TRUE),
(155, 5, 'The Draa River was a beautiful sight.', TRUE),
(156, 2, 'The valley crossing was a great experience.', TRUE),
(157, 4, 'The sunset walk was magical.', TRUE),
(158, 6, 'The desert stage was a true test.', TRUE),
(159, 7, 'The jungle exploration was thrilling.', TRUE),
(160, 8, 'The final stage was a great challenge.', TRUE),
(161, 1, 'The Atlas Mountains were stunning.', TRUE),
(162, 3, 'The blue city of Chefchaouen was amazing.', TRUE),
(163, 5, 'The kasbahs were a highlight.', TRUE),
(164, 2, 'The valley crossing was peaceful.', TRUE),
(165, 4, 'The coastline walk was beautiful.', TRUE),
(166, 6, 'The sand dunes were a unique challenge.', TRUE),
(167, 7, 'The rivers and forests were a highlight.', TRUE),
(168, 8, 'The hills around Tetouan were tough.', TRUE),
(169, 1, 'The start in Marrakech was fantastic.', TRUE),
(170, 3, 'The Rif Mountains were breathtaking.', TRUE),
(171, 5, 'The Draa River was a beautiful sight.', TRUE),
(172, 2, 'The valley crossing was a great experience.', TRUE),
(173, 4, 'The sunset walk was magical.', TRUE),
(174, 6, 'The desert stage was a true test.', TRUE),
(175, 7, 'The jungle exploration was thrilling.', TRUE),
(176, 8, 'The final stage was a great challenge.', TRUE),
(177, 1, 'The Atlas Mountains were stunning.', TRUE),
(178, 3, 'The blue city of Chefchaouen was amazing.', TRUE),
(179, 5, 'The kasbahs were a highlight.', TRUE),
(180, 2, 'The valley crossing was peaceful.', TRUE),
(181, 4, 'The coastline walk was beautiful.', TRUE),
(182, 6, 'The sand dunes were a unique challenge.', TRUE),
(183, 7, 'The rivers and forests were a highlight.', TRUE),
(184, 8, 'The hills around Tetouan were tough.', TRUE),
(185, 1, 'The start in Marrakech was fantastic.', TRUE),
(186, 3, 'The Rif Mountains were breathtaking.', TRUE),
(187, 5, 'The Draa River was a beautiful sight.', TRUE),
(188, 2, 'The valley crossing was a great experience.', TRUE),
(189, 4, 'The sunset walk was magical.', TRUE),
(190, 6, 'The desert stage was a true test.', TRUE),
(191, 7, 'The jungle exploration was thrilling.', TRUE),
(192, 8, 'The final stage was a great challenge.', TRUE),
(193, 1, 'The Atlas Mountains were stunning.', TRUE),
(194, 3, 'The blue city of Chefchaouen was amazing.', TRUE),
(195, 5, 'The kasbahs were a highlight.', TRUE),
(196, 2, 'The valley crossing was peaceful.', TRUE),
(197, 4, 'The coastline walk was beautiful.', TRUE),
(198, 6, 'The sand dunes were a unique challenge.', TRUE),
(199, 7, 'The rivers and forests were a highlight.', TRUE),
(200, 8, 'The hills around Tetouan were tough.', TRUE);

INSERT INTO reports (id_fan, stage_id, description) VALUES
(66, 1, 'Issue with stage markers.'),
(67, 2, 'Difficult terrain not as advertised.'),
(68, 3, 'Dangerous intersection not marked.'),
(99, 1, 'Problem with registration process.'),
(101, 4, 'Lack of first aid support.'),
(76, 5, 'Route significantly longer than stated.'),
(247,8, 'Player "Majed" enter in the fourth stage before 3 seconds from the registered time.');